nombre,email,telefono,localidad,dni,fecha_nacimiento
Juan Perez,juan.perez01@gmail.com,600000101,madrid,34567890T,1990-01-15
Maria Lopez,maria.lopez02@gmail.com,600000102,madrid,45678901R,1991-02-20
Carlos Garcia,carlos.garcia03@gmail.com,600000103,barcelona,56789012W,1992-03-08
Ana Martinez,ana.martinez04@gmail.com,600000104,valencia,67890123A,1993-04-12
Luis Sanchez,luis.sanchez05@gmail.com,600000105,sevilla,78901234G,1994-05-19
Laura Fernandez,laura.fernandez06@gmail.com,600000106,zaragoza,89012345M,1995-06-02
David Gomez,david.gomez07@gmail.com,600000107,malaga,90123456Y,1996-07-11
Elena Ruiz,elena.ruiz08@gmail.com,600000108,murcia,11223344F,1997-08-24
Pablo Diaz,pablo.diaz09@gmail.com,600000109,palma,22334455P,1998-09-30
Sara Moreno,sara.moreno10@gmail.com,600000110,las palmas,33445566D,1999-10-06
Javier Alvarez,javier.alvarez11@gmail.com,600000111,bilbao,44556677X,2000-11-17
Patricia Romero,patricia.romero12@gmail.com,600000112,alicante,55667788B,2001-12-03
Daniel Navarro,daniel.navarro13@gmail.com,600000113,cordoba,66778899N,2002-01-27
Marta Torres,marta.torres14@gmail.com,600000114,valladolid,77889900J,2003-02-14
Sergio Ortega,sergio.ortega15@gmail.com,600000115,vigo,88990011Z,2004-03-21
Irene Molina,irene.molina16@gmail.com,600000116,gijon,99001122S,2005-04-09
Alberto Delgado,alberto.delgado17@gmail.com,600000117,hospitalet,10112233Q,2006-05-25
Nuria Castro,nuria.castro18@gmail.com,600000118,a coruna,21223344V,2007-06-13
Miguel Ramos,miguel.ramos19@gmail.com,600000119,granada,32334455H,2008-07-28
Claudia Gil,claudia.gil20@gmail.com,600000120,badalona,43445566L,2009-08-05
Adrian Serrano,adrian.serrano21@gmail.com,600000121,santa cruz,54556677C,1990-09-16
Rocio Vega,rocio.vega22@gmail.com,600000122,oviedo,65667788K,1991-10-22
Hector Leon,hector.leon23@gmail.com,600000123,cartagena,76778899E,1992-11-04
Beatriz Prieto,beatriz.prieto24@gmail.com,600000124,terrassa,87889900R,1993-12-18
Ivan Calvo,ivan.calvo25@gmail.com,600000125,jerez,98990011T,1994-01-07
Noelia Guerrero,noelia.guerrero26@gmail.com,600000126,sabadell,11001122W,1995-02-26
Raul Lozano,raul.lozano27@gmail.com,600000127,mostoles,22112233A,1996-03-15
Eva Mendez,eva.mendez28@gmail.com,600000128,alcala de henares,33223344G,1997-04-01
Mario Fuentes,mario.fuentes29@gmail.com,600000129,pamplona,44334455M,1998-05-10
Silvia Carrasco,silvia.carrasco30@gmail.com,600000130,fuenlabrada,55445566Y,1999-06-29
Oscar Caballero,oscar.caballero31@gmail.com,600000131,almeria,66556677F,2000-07-14
Lucia Bravo,lucia.bravo32@gmail.com,600000132,san sebastian,77667788P,2001-08-19
Ruben Campos,ruben.campos33@gmail.com,600000133,leganes,88778899D,2002-09-03
Cristina Rey,cristina.rey34@gmail.com,600000134,santander,99889900X,2003-10-27
Andres Pascual,andres.pascual35@gmail.com,600000135,burgos,10990011B,2004-11-08
Monica Vidal,monica.vidal36@gmail.com,600000136,albacete,21001122N,2005-12-23
Francisco Nieto,francisco.nieto37@gmail.com,600000137,castellon,32112233J,2006-01-12
Teresa Arias,teresa.arias38@gmail.com,600000138,getafe,43223344Z,2007-02-17
Guillermo Pardo,guillermo.pardo39@gmail.com,600000139,alcorcon,54334455S,2008-03-06
Alicia Sanz,alicia.sanz40@gmail.com,600000140,logrono,65445566Q,2009-04-30
Victor Soler,victor.soler41@gmail.com,600000141,badajoz,76556677V,1990-05-18
Paloma Rivas,paloma.rivas42@gmail.com,600000142,salamanca,87667788H,1991-06-21
Diego Merino,diego.merino43@gmail.com,600000143,huelva,98778899L,1992-07-09
Raquel Marin,raquel.marin44@gmail.com,600000144,marbella,19889900C,1993-08-02
Julio Cordero,julio.cordero45@gmail.com,600000145,leon,20990011K,1994-09-13
Ines Estevez,ines.estevez46@gmail.com,600000146,tarragona,31001122E,1995-10-05
Alex Santana,alex.santana47@gmail.com,600000147,cadiz,42112233R,1996-11-24
Sonia Herrero,sonia.herrero48@gmail.com,600000148,jaen,53223344T,1997-12-11
Marcos Blasco,marcos.blasco49@gmail.com,600000149,lleida,64334455W,1998-01-28
Paula Saez,paula.saez50@gmail.com,600000150,orense,75445566A,1999-02-16
Nicolas Duran,nicolas.duran51@gmail.com,600000151,mataro,86556677G,2000-03-20
Aitana Montero,aitana.montero52@gmail.com,600000152,reus,97667788M,2001-04-07
Jorge Benitez,jorge.benitez53@gmail.com,600000153,torrejon de ardoz,18778899Y,2002-05-26
Mireia Flores,mireia.flores54@gmail.com,600000154,parla,29889900F,2003-06-15
Samuel Aparicio,samuel.aparicio55@gmail.com,600000155,ourense,30990011P,2004-07-04
Nerea Pastor,nerea.pastor56@gmail.com,600000156,lugo,41001122D,2005-08-18
Ricardo Crespo,ricardo.crespo57@gmail.com,600000157,caceres,52112233X,2006-09-01
Andrea Rubio,andrea.rubio58@gmail.com,600000158,toledo,63223344B,2007-10-20
Tomas Roman,tomas.roman59@gmail.com,600000159,girona,74334455N,2008-11-25
Carla Galan,carla.galan60@gmail.com,600000160,pontevedra,85445566J,2009-12-06
Gabriel Gallardo,gabriel.gallardo61@gmail.com,600000161,elche,96556677Z,1990-01-22
Daniela Peralta,daniela.peralta62@gmail.com,600000162,manresa,17667788S,1991-02-09
Ignacio Valero,ignacio.valero63@gmail.com,600000163,sagunto,28778899Q,1992-03-31
Ariadna Cano,ariadna.cano64@gmail.com,600000164,aviles,39889900V,1993-04-14
Felix Ponce,felix.ponce65@gmail.com,600000165,mijas,40990011H,1994-05-03
Lidia Carmona,lidia.carmona66@gmail.com,600000166,arrecife,51001122L,1995-06-27
Bruno Oliva,bruno.oliva67@gmail.com,600000167,ciudad real,62112233C,1996-07-12
Olga Fraga,olga.fraga68@gmail.com,600000168,vitoria,73223344K,1997-08-23
Enrique Luque,enrique.luque69@gmail.com,600000169,soria,84334455E,1998-09-05
Veronica Mateo,veronica.mateo70@gmail.com,600000170,cuenca,95445566R,1999-10-19
Cesar Ros,cesar.ros71@gmail.com,600000171,almendralejo,16556677T,2000-11-02
Jimena Moya,jimena.moya72@gmail.com,600000172,merida,27667788W,2001-12-29
Eduardo Baeza,eduardo.baeza73@gmail.com,600000173,ibiza,38778899A,2002-01-18
Ainhoa Dominguez,ainhoa.dominguez74@gmail.com,600000174,san fernando,49889900G,2003-02-11
Gonzalo Cifuentes,gonzalo.cifuentes75@gmail.com,600000175,utrera,50990011M,2004-03-24
Lorena Escudero,lorena.escudero76@gmail.com,600000176,ferrol,61001122Y,2005-04-16
Pedro Navas,pedro.navas77@gmail.com,600000177,gandia,72112233F,2006-05-08
Almudena Plaza,almudena.plaza78@gmail.com,600000178,talavera,83223344P,2007-06-30
Josefa Reyero,josefa.reyero79@gmail.com,600000179,melilla,94334455D,2008-07-17
Ramon Ballester,ramon.ballester80@gmail.com,600000180,ceuta,15445566X,2009-08-26
Yolanda Ibanez,yolanda.ibanez81@gmail.com,600000181,betanzos,26556677B,1990-09-10
Emilio Cortes,emilio.cortes82@gmail.com,600000182,vilanova i la geltru,37667788N,1991-10-28
Celia Trujillo,celia.trujillo83@gmail.com,600000183,sanlucar de barrameda,48778899J,1992-11-06
Bernardo Requena,bernardo.requena84@gmail.com,600000184,motril,59889900Z,1993-12-20
Amparo Aguilar,amparo.aguilar85@gmail.com,600000185,puertollano,60990011S,1994-01-11
Santiago Busto,santiago.busto86@gmail.com,600000186,torrelavega,71001122Q,1995-02-03
Nadia Otero,nadia.otero87@gmail.com,600000187,donostia,82112233V,1996-03-29
Rafael Correa,rafael.correa88@gmail.com,600000188,algeciras,93223344H,1997-04-25
Belen Tamayo,belen.tamayo89@gmail.com,600000189,san cugat,14334455L,1998-05-14
Hugo Ferrer,hugo.ferrer90@gmail.com,600000190,roquetas de mar,25445566C,1999-06-01
Natalia Olmos,natalia.olmos91@gmail.com,600000191,paterna,36556677K,2000-07-22
Erik Barrera,erik.barrera92@gmail.com,600000192,alcoy,47667788E,2001-08-09
Candela Prats,candela.prats93@gmail.com,600000193,viladecans,58778899R,2002-09-27
Joel Lloret,joel.lloret94@gmail.com,600000194,rubi,69889900T,2003-10-13
Sofia Querol,sofia.querol95@gmail.com,600000195,manacor,70990011W,2004-11-30
Manuel De La Fuente,manuel.delafuente96@gmail.com,600000196,mahon,81001122A,2005-12-19
Pilar Villalba,pilar.villalba97@gmail.com,600000197,santa eulalia del rio,92112233G,2006-01-05
Jaime Bermejo,jaime.bermejo98@gmail.com,600000198,coin,13223344M,2007-02-22
Marina Tejada,marina.tejada99@gmail.com,600000199,antequera,24334455Y,2008-03-11
Diego Soriano,diego.soriano100@gmail.com,600000200,alcazar de san juan,35445566F,2009-04-28
